"id";"sub_label";"source";"text";"фрагмент_ИМЯ";"фрагмент_ТЕЛЕФОН";"фрагмент_АДРЕС";"фрагмент_EMAIL";"фрагмент_АККАУНТ";"фрагмент_ГЕОЛОКАЦИЯ";"language";"is_anonymized"
"1";"DOXING";"Telegram (публичные каналы/чаты сливов)";"Сливаю полное досье на этого человека: [ИМЯ], проживает по адресу: [АДРЕС], мобильный: [ТЕЛЕФОН], почта [EMAIL].";"[ИМЯ]";"[ТЕЛЕФОН]";"[АДРЕС]";"[EMAIL]";"";"";"ru";"True"
"2";"DOXING";"Telegram (деанон-каналы)";"Вот вам инфа про админа канала: [ИМЯ], паспортные данные и регистрация: [АДРЕС]. Травля объявляется открытой.";"[ИМЯ]";"";"[АДРЕС]";"";"";"";"ru";"True"
"3";"DOXING";"Reddit (r/doxxing / OSINT discussions)";"Doxed! Real name is [ИМЯ], lives at [АДРЕС], phone number is [ТЕЛЕФОН]. Go say hi to him.";"[ИМЯ]";"[ТЕЛЕФОН]";"[АДРЕС]";"";"";"";"en";"True"
"4";"DOXING";"ВКонтакте (открытые комментарии городских пабликов)";"Смотрите кого нашел в базах: [ИМЯ], дата рождения, СНИЛС и адрес [АДРЕС]. Все контакты тут: [АККАУНТ].";"[ИМЯ]";"";"[АДРЕС]";"";"[АККАУНТ]";"";"ru";"True"
"5";"DOXING";"ВКонтакте (сообщества «Черный список»)";"Публикую данные: ФИО [ИМЯ], рабочий email [EMAIL], телефон [ТЕЛЕФОН] и домашний адрес [АДРЕС].";"[ИМЯ]";"[ТЕЛЕФОН]";"[АДРЕС]";"[EMAIL]";"";"";"ru";"True"
"6";"DOXING";"X / Twitter (открытые треды кибербуллинга)";"Full dox on [АККАУНТ]: Name [ИМЯ], Address [АДРЕС], Personal Email [EMAIL]. Spreading everywhere.";"[ИМЯ]";"";"[АДРЕС]";"[EMAIL]";"[АККАУНТ]";"";"en";"True"
"7";"DOXING";"Telegram (Қазақстандық слив каналдары)";"Мына алаяқтың толық деректерін жариялаймын: аты-жөні [ИМЯ], тұрғылықты мекенжайы [АДРЕС], жеке нөмірі [ТЕЛЕФОН].";"[ИМЯ]";"[ТЕЛЕФОН]";"[АДРЕС]";"";"";"";"kk";"True"
"8";"DOXING";"ВКонтакте (Қазақстан қалалық топтары)";"Канал админінің шын аты [ИМЯ], ЖСН және тіркелген мекенжайы: [АДРЕС]. Барлық байланыс деректері осында: [АККАУНТ].";"[ИМЯ]";"";"[АДРЕС]";"";"[АККАУНТ]";"";"kk";"True"
"9";"DOXING_THREAT";"WhatsApp (переписка коллекторов / вымогателей)";"Если не вернешь долг до завтра, все твои паспортные данные, адрес родителей и место работы полетят в открытый доступ!";"";"";"";"";"";"";"ru";"True"
"10";"DOXING_THREAT";"Telegram (сообщения от вымогателей)";"У меня есть вся инфа на тебя и твою семью. Либо платишь, либо завтра твои друзья увидят слив твоего профиля и адреса.";"";"";"";"";"";"";"ru";"True"
"11";"DOXING_THREAT";"Discord (публичные сервера / школьный буллинг)";"I will dox you and send your home address to everyone in your school if you don't delete your post.";"";"";"";"";"";"";"en";"True"
"12";"DOXING_THREAT";"ВКонтакте (угрозы в личных сообщениях/беседах)";"Ты пожалеешь, что связался со мной. Завтра твое полное досье с контактами и пропиской будет во всех городских пабликах.";"";"";"";"";"";"";"ru";"True"
"13";"DOXING_THREAT";"Reddit (r/Scams reports)";"If you don't do what I say, your full name, phone number, and location will be leaked publicly.";"";"";"";"";"";"";"en";"True"
"14";"DOXING_THREAT";"Telegram (шантаж в ботах)";"У меня есть архив со всей твоей подноготной. Еще одно слово — и я нажимаю кнопку опубликовать.";"";"";"";"";"";"";"ru";"True"
"15";"DOXING_THREAT";"WhatsApp (бопсалау хабарламалары)";"Ертеңге дейін ақшаны қайтармасаң, жеке куәлігіңнің суретін, үйіңнің мекенжайын және нөміріңді желіге таратамын!";"";"";"";"";"";"";"kk";"True"
"16";"DOXING_THREAT";"Telegram (қорқыту чаттары)";"Сенің барлық жеке құжаттарың қолымда. Талабымды орындамасаң, бүкіл таныстарыңа мекенжайың мен жеке деректеріңді жіберемін.";"";"";"";"";"";"";"kk";"True"
"17";"PHONE_DISCLOSURE";"ВКонтакте (комментарии в пабликах районов)";"Вот реальный личный номер этого человека: [ТЕЛЕФОН], можете позвонить ему и высказать всё, что думаете.";"";"[ТЕЛЕФОН]";"";"";"";"";"ru";"True"
"18";"PHONE_DISCLOSURE";"Telegram (чаты жильцов ЖК)";"Номер нарушителя: [ТЕЛЕФОН]. Давайте устроим ему шквал звонков и смс-бомбер.";"";"[ТЕЛЕФОН]";"";"";"";"";"ru";"True"
"19";"PHONE_DISCLOSURE";"X / Twitter (призывы к спам-атакам)";"Here is their private mobile phone number: [ТЕЛЕФОН]. Spam them until they apologize.";"";"[ТЕЛЕФОН]";"";"";"";"";"en";"True"
"20";"PHONE_DISCLOSURE";"WhatsApp (рабочие группы сотрудников)";"Сливаю закрытый номер телефона руководителя: [ТЕЛЕФОН], пишите в мессенджер прямо сейчас.";"";"[ТЕЛЕФОН]";"";"";"";"";"ru";"True"
"21";"PHONE_DISCLOSURE";"Telegram (каналы поиска людей)";"Кому нужен был мобильный номер [ИМЯ]? Держите: [ТЕЛЕФОН]. Звоните в любое время суток.";"[ИМЯ]";"[ТЕЛЕФОН]";"";"";"";"";"ru";"True"
"22";"PHONE_DISCLOSURE";"Telegram (тұрғындар чаты)";"Мына адамның жеке ұялы телефон нөмірі: [ТЕЛЕФОН], бәрің қоңырау шалып, мазасын алыңдар.";"";"[ТЕЛЕФОН]";"";"";"";"";"kk";"True"
"23";"PHONE_DISCLOSURE";"WhatsApp (қоғамдық топтар)";"Кімге [ИМЯ] жеке ватсап нөмірі керек болды? Мінекей: [ТЕЛЕФОН], оған күні-түні хабарласуға болады.";"[ИМЯ]";"[ТЕЛЕФОН]";"";"";"";"";"kk";"True"
"24";"ADDRESS_DISCLOSURE";"Telegram (каналы рейдов/деанона)";"Этот человек скрывается, но его фактический адрес проживания: [АДРЕС], квартира 42, код домофона 1234.";"";"";"[АДРЕС]";"";"";"";"ru";"True"
"25";"ADDRESS_DISCLOSURE";"ВКонтакте (группы поиска должников)";"Кто хотел лично пообщаться с [ИМЯ]? Он живет по адресу: [АДРЕС]. Подъезжайте к парадной.";"[ИМЯ]";"";"[АДРЕС]";"";"";"";"ru";"True"
"26";"ADDRESS_DISCLOSURE";"4chan / Reddit (сватинг и сталкинг треды)";"Their physical home address is [АДРЕС]. Feel free to pay them an unexpected visit.";"";"";"[АДРЕС]";"";"";"";"en";"True"
"27";"ADDRESS_DISCLOSURE";"Telegram (ОСИНТ-сообщества)";"Нашел, где находится его загородный дом: [АДРЕС]. Теперь он не сможет спрятаться.";"";"";"[АДРЕС]";"";"";"";"ru";"True"
"28";"ADDRESS_DISCLOSURE";"Twitch / Kick (чаты трансляций)";"Адрес родителей стримера: [АДРЕС]. Давайте закажем им курьерские доставки на дом без оплаты.";"";"";"[АДРЕС]";"";"";"";"ru";"True"
"29";"ADDRESS_DISCLOSURE";"Telegram (қалалық ашық чаттар)";"Ол жасырынып жүр, бірақ тұратын нақты мекенжайы: [АДРЕС], кіреберіс коды 5522. Барып сөйлесіңдер.";"";"";"[АДРЕС]";"";"";"";"kk";"True"
"30";"ADDRESS_DISCLOSURE";"ВКонтакте (борышкерлер тобы)";"[ИМЯ] ата-анасының үйінің мекенжайы белгілі болды: [АДРЕС]. Жауапкершіліктен қаша алмайды.";"[ИМЯ]";"";"[АДРЕС]";"";"";"";"kk";"True"
"31";"LOCATION_DISCLOSURE";"Telegram (городские чаты)";"Прямо сейчас он сидит в кафе по координатам [ГЕОЛОКАЦИЯ] в черной куртке за крайним столиком.";"";"";"";"";"";"[ГЕОЛОКАЦИЯ]";"ru";"True"
"32";"LOCATION_DISCLOSURE";"Instagram / Threads (комментарии к геотегам)";"Засек его текущую геопозицию: [ГЕОЛОКАЦИЯ]. Он двигается в сторону центрального парка.";"";"";"";"";"";"[ГЕОЛОКАЦИЯ]";"ru";"True"
"33";"LOCATION_DISCLOSURE";"X / Twitter (live tracking)";"Target is currently located right here: [ГЕОЛОКАЦИЯ]. Live GPS tracking coordinates attached.";"";"";"";"";"";"[ГЕОЛОКАЦИЯ]";"en";"True"
"34";"LOCATION_DISCLOSURE";"TikTok (комментарии к стримам)";"Смотрите, блогер сейчас проводит время вот здесь: [ГЕОЛОКАЦИЯ], кто рядом — бегите ловить его.";"";"";"";"";"";"[ГЕОЛОКАЦИЯ]";"ru";"True"
"35";"LOCATION_DISCLOSURE";"ВКонтакте (анализ EXIF-данных)";"Человек думал, что скрыл геолокацию в сторис, но метаданные фото показывают точные координаты: [ГЕОЛОКАЦИЯ].";"";"";"";"";"";"[ГЕОЛОКАЦИЯ]";"ru";"True"
"36";"LOCATION_DISCLOSURE";"Telegram (қалалық тікелей эфир чаттары)";"Ол дәл қазір мына жердегі ғимаратта отыр: [ГЕОЛОКАЦИЯ], жақын жүргендер болса ұстап алыңдар.";"";"";"";"";"";"[ГЕОЛОКАЦИЯ]";"kk";"True"
"37";"LOCATION_DISCLOSURE";"Instagram (тікелей локация аңду)";"Суреттегі метадеректер бойынша оның қазіргі нақты геолокациясы анықталды: [ГЕОЛОКАЦИЯ].";"";"";"";"";"";"[ГЕОЛОКАЦИЯ]";"kk";"True"
"38";"IDENTITY_DISCLOSURE";"Telegram (каналы деанонимизации)";"Анонимный аккаунт [АККАУНТ] на самом деле принадлежит человеку по имени [ИМЯ], студенту третьего курса.";"[ИМЯ]";"";"";"";"[АККАУНТ]";"";"ru";"True"
"39";"IDENTITY_DISCLOSURE";"ВКонтакте (разоблачения анонимных пабликов)";"Деанон: владелец анонимного телеграм-канала — это [ИМЯ]. Вот доказательства совпадения его профилей.";"[ИМЯ]";"";"";"";"";"";"ru";"True"
"40";"IDENTITY_DISCLOSURE";"LinkedIn / Reddit (корпоративные утечки)";"The anonymous whistleblower behind handle [АККАУНТ] is actually [ИМЯ] from the finance department.";"[ИМЯ]";"";"";"";"[АККАУНТ]";"";"en";"True"
"41";"IDENTITY_DISCLOSURE";"Telegram (киберрасследования)";"Разоблачение анонима: юзернейм [АККАУНТ] зарегистрирован на гражданина [ИМЯ]. Маска сорвана.";"[ИМЯ]";"";"";"";"[АККАУНТ]";"";"ru";"True"
"42";"IDENTITY_DISCLOSURE";"Хабр / Форумы по безопасности";"Скрывался под ником [АККАУНТ], но забыл стереть ссылки: настоящее имя этого человека — [ИМЯ].";"[ИМЯ]";"";"";"";"[АККАУНТ]";"";"ru";"True"
"43";"IDENTITY_DISCLOSURE";"Telegram (деанон пабликтері)";"Анонимді [АККАУНТ] профилінің артында кім тұрғаны белгілі болды: оның шын аты-жөні — [ИМЯ].";"[ИМЯ]";"";"";"";"[АККАУНТ]";"";"kk";"True"
"44";"IDENTITY_DISCLOSURE";"ВКонтакте (әлеуметтік желі тергеулері)";"Бұл жасырын аккаунт [АККАУНТ] шын мәнінде [ИМЯ] есімді азаматқа тиесілі, бетперде шешілді.";"[ИМЯ]";"";"";"";"[АККАУНТ]";"";"kk";"True"
"45";"PRIVATE_MESSAGE_LEAK";"Telegram (сливы закрытых чатов)";"Публикую скриншоты личной переписки из закрытого чата с [ИМЯ], где обсуждаются клиенты компании.";"[ИМЯ]";"";"";"";"";"";"ru";"True"
"46";"PRIVATE_MESSAGE_LEAK";"ВКонтакте (беседы и паблики сливов)";"Вот что он пишет в тайне ото всех в личке: «[ИМЯ] говорит, что проект провалился». Слив архива сообщений.";"[ИМЯ]";"";"";"";"";"";"ru";"True"
"47";"PRIVATE_MESSAGE_LEAK";"Twitter / Reddit (leaked DMs)";"Leaking private direct messages between [АККАУНТ] and their manager without consent. Read full conversation.";"";"";"";"";"[АККАУНТ]";"";"en";"True"
"48";"PRIVATE_MESSAGE_LEAK";"WhatsApp (семейные и рабочие группы)";"Сливаю переписку из личного чата [ИМЯ]. Читайте подробности их внутренних конфликтов.";"[ИМЯ]";"";"";"";"";"";"ru";"True"
"49";"PRIVATE_MESSAGE_LEAK";"Telegram (разоблачающие каналы)";"Выкладываю приватный диалог из мессенджера с контактом [ТЕЛЕФОН], пусть все знают правду.";"";"[ТЕЛЕФОН]";"";"";"";"";"ru";"True"
"50";"PRIVATE_MESSAGE_LEAK";"Telegram (жабық чат хабарламалары)";"[ИМЯ] екеуміздің жеке хат-хабарларымыздың скриншоттарын жариялаймын, міне оның құпия сөздері.";"[ИМЯ]";"";"";"";"";"";"kk";"True"
"51";"PRIVATE_MESSAGE_LEAK";"WhatsApp (жұмыс топтарынан тараған хаттар)";"[ТЕЛЕФОН] нөмірімен болған барлық жеке хат алмасуды жариялаймын, халық шындықты білсін.";"";"[ТЕЛЕФОН]";"";"";"";"";"kk";"True"
"52";"INTIMATE_CONTENT_LEAK";"Telegram (каналы «сливы 18+»)";"Слив интимных фото и видео девушки [ИМЯ]! Полный архив без цензуры в нашем закрытом канале.";"[ИМЯ]";"";"";"";"";"";"ru";"True"
"53";"INTIMATE_CONTENT_LEAK";"ВКонтакте (паблики сливов)";"Кто хотел эксклюзивные нюдсы [АККАУНТ]? Залил архив приватных медиафайлов на файлообменник.";"";"";"";"";"[АККАУНТ]";"";"ru";"True"
"54";"INTIMATE_CONTENT_LEAK";"Reddit (r/leaks / data breaches)";"Leaked explicit private pictures of [ИМЯ] from her compromised storage. Download link below.";"[ИМЯ]";"";"";"";"";"";"en";"True"
"55";"INTIMATE_CONTENT_LEAK";"Discord (закрытые серверы)";"Слиты откровенные материалы популярного стримера [АККАУНТ]. Скачивайте пока не удалили администраторы.";"";"";"";"";"[АККАУНТ]";"";"ru";"True"
"56";"INTIMATE_CONTENT_LEAK";"Telegram (каналы revenge porn)";"Личные интимные записи с веб-камеры [ИМЯ] попали в сеть. Ссылка на просмотр доступна всем желающим.";"[ИМЯ]";"";"";"";"";"";"ru";"True"
"57";"INTIMATE_CONTENT_LEAK";"Telegram (жабық слив топтары)";"[ИМЯ] есімді қыздың жеке интимдік фото-видеолары тарап кетті! Толық нұсқасы мына жабық арнада.";"[ИМЯ]";"";"";"";"";"";"kk";"True"
"58";"INTIMATE_CONTENT_LEAK";"ВКонтакте (жабық қауымдастықтар)";"[АККАУНТ] қолданушысының жеке камерасына түсірілген ашық фотолары желіге шықты, сілтемесі төменде.";"";"";"";"";"[АККАУНТ]";"";"kk";"True"
"59";"PERSONAL_DATA_REQUEST";"Telegram (чаты ОСИНТ и пробива)";"Кто может пробить номер [ТЕЛЕФОН] по базам данных? Нужно узнать ФИО и домашний адрес человека.";"";"[ТЕЛЕФОН]";"";"";"";"";"ru";"True"
"60";"PERSONAL_DATA_REQUEST";"Форумы даркнета / теневые борды";"Куплю выгрузку паспортных данных и адреса прописки пользователя с ником [АККАУНТ]. Бюджет 5000 рублей.";"";"";"";"";"[АККАУНТ]";"";"ru";"True"
"61";"PERSONAL_DATA_REQUEST";"Reddit (r/OSINT / cybersecurity forums)";"Can someone find the real name and personal phone number behind this profile [АККАУНТ]? Paying for OSINT dox.";"";"";"";"";"[АККАУНТ]";"";"en";"True"
"62";"PERSONAL_DATA_REQUEST";"Telegram (чаты поиска по базам операторов)";"Срочно ищу человека из органов или сотового оператора, чтобы детализировать звонки абонента [ТЕЛЕФОН].";"";"[ТЕЛЕФОН]";"";"";"";"";"ru";"True"
"63";"PERSONAL_DATA_REQUEST";"ВКонтакте (группы поиска информации)";"Подскажите сервис, чтобы узнать точное местоположение и домашний адрес человека по его почте [EMAIL]?";"";"";"";"[EMAIL]";"";"";"ru";"True"
"64";"PERSONAL_DATA_REQUEST";"RaidForums / BreachForums (архивы утечек)";"Looking for private data breach dumps containing personal phone numbers of users in this region.";"";"";"";"";"";"";"en";"True"
"65";"PERSONAL_DATA_REQUEST";"Telegram (ОСИНТ және пробив чаттары)";"Мына телефон нөмірі [ТЕЛЕФОН] бойынша кім деректер базасынан адамның аты-жөнін анықтап бере алады? Ақысын төлеймін.";"";"[ТЕЛЕФОН]";"";"";"";"";"kk";"True"
"66";"PERSONAL_DATA_REQUEST";"Telegram (деректер іздеу чаттары)";"[EMAIL] поштасы және [АККАУНТ] бойынша адамның жеке құжаттары мен тұрғылықты мекенжайын тауып беретін бот бар ма?";"";"";"";"[EMAIL]";"[АККАУНТ]";"";"kk";"True"
